City_ID,City,Country,Date,Lat,Lng,Max Temp,Humidity,Cloudiness,Wind Speed
0,Sivaki,RU,2020-10-18 19:41:54,52.63,126.75,-3.39,92,95,2.25
1,Bluff,NZ,2020-10-18 19:41:54,-46.6,168.33,8.33,95,100,1.34
2,Victoria,HK,2020-10-18 19:40:26,22.29,114.16,23.33,76,27,4.7
3,Esperance,AU,2020-10-18 19:41:54,-33.87,121.9,12.0,93,96,3.1
4,Kijang,KR,2020-10-18 19:41:54,35.24,129.21,13.0,62,100,1.5
5,Abbeville,FR,2020-10-18 19:41:55,50.1,1.83,9.44,81,94,0.68
6,Hokitika,NZ,2020-10-18 19:41:55,-42.72,170.97,11.61,91,100,4.57
7,Pisco,PE,2020-10-18 19:41:55,-13.7,-76.22,19.44,77,90,3.6
8,Atuona,PF,2020-10-18 19:41:56,-9.8,-139.03,25.42,77,3,8.44
9,Baghdad,IQ,2020-10-18 19:37:38,33.34,44.4,22.0,33,0,1.5
10,Balabac,PH,2020-10-18 19:41:56,7.99,117.06,27.63,78,100,5.02
11,Chara,RU,2020-10-18 19:41:56,56.91,118.26,-7.62,88,95,0.23
12,Hilo,US,2020-10-18 19:41:57,19.73,-155.09,23.0,88,90,4.6
13,Hauterive,FR,2020-10-18 19:41:57,46.09,3.45,7.0,81,0,2.6
14,Kruisfontein,ZA,2020-10-18 19:41:57,-34.0,24.73,13.89,81,4,1.8
15,Pochutla,MX,2020-10-18 19:41:57,15.74,-96.47,33.0,55,20,2.55
16,Axim,GH,2020-10-18 19:41:57,4.87,-2.24,25.2,89,39,3.12
17,Klaksvik,FO,2020-10-18 19:41:57,62.23,-6.59,4.0,93,100,2.1
18,Barrow,US,2020-10-18 19:41:57,71.29,-156.79,-6.0,79,40,6.2
19,Kapaa,US,2020-10-18 19:41:58,22.08,-159.32,26.67,88,90,3.1
20,Yellowknife,CA,2020-10-18 19:41:58,62.46,-114.35,-1.67,92,90,3.1
21,El Dorado,US,2020-10-18 19:41:58,38.77,-120.52,30.0,16,1,2.1
22,Ambon,ID,2020-10-18 19:41:58,-3.7,128.18,26.11,92,61,3.2
23,Sapa,PH,2020-10-18 19:41:58,5.15,120.32,27.54,77,100,6.2
24,Kaitangata,NZ,2020-10-18 19:41:58,-46.28,169.85,10.0,89,99,0.98
25,Isangel,VU,2020-10-18 19:41:58,-19.55,169.27,23.59,67,2,2.54
26,Avarua,CK,2020-10-18 19:38:36,-21.21,-159.78,25.0,78,92,3.6
27,Torbay,CA,2020-10-18 19:41:59,47.67,-52.73,12.78,93,90,4.1
28,Ikorodu,NG,2020-10-18 19:41:59,6.62,3.5,26.41,83,1,2.89
29,Zhanaozen,KZ,2020-10-18 19:41:59,43.3,52.8,15.16,29,0,7.59
30,Ribeira Grande,PT,2020-10-18 19:41:59,38.52,-28.7,17.0,63,40,6.7
31,Dingle,PH,2020-10-18 19:41:59,11.0,122.67,24.68,91,100,2.57
32,Norman Wells,CA,2020-10-18 19:41:59,65.28,-126.83,-9.0,78,20,3.1
33,Leningradskiy,RU,2020-10-18 19:41:59,69.38,178.42,-5.35,88,0,2.98
34,Rio Grande,BR,2020-10-18 19:37:41,-32.03,-52.1,26.11,50,0,3.13
35,Kodiak,US,2020-10-18 19:41:59,57.79,-152.41,7.0,75,90,3.1
36,Ushuaia,AR,2020-10-18 19:39:22,-54.8,-68.3,6.0,75,75,12.9
37,Winton,US,2020-10-18 19:42:00,37.39,-120.61,28.0,28,1,1.78
38,Dakoro,NE,2020-10-18 19:42:00,14.51,6.76,33.67,14,0,2.09
39,Puerto Ayora,EC,2020-10-18 19:42:00,-0.74,-90.35,26.0,69,40,8.2
40,Lugazi,UG,2020-10-18 19:42:00,0.38,32.92,21.0,88,20,4.1
41,Qaanaaq,GL,2020-10-18 19:42:00,77.48,-69.36,0.63,88,93,3.51
42,Hermanus,ZA,2020-10-18 19:42:00,-34.42,19.23,16.11,82,100,2.74
43,Quata,BR,2020-10-18 19:42:01,-22.25,-50.7,29.86,43,88,4.82
44,Chinhoyi,ZW,2020-10-18 19:42:01,-17.37,30.2,21.67,24,0,1.7
45,Rikitea,PF,2020-10-18 19:42:01,-23.12,-134.97,23.84,81,100,8.85
46,Steamboat Springs,US,2020-10-18 19:41:29,40.48,-106.83,15.0,28,90,1.5
47,Sakakah,SA,2020-10-18 19:42:01,29.97,40.21,24.0,14,0,2.1
48,Mar Del Plata,AR,2020-10-18 19:39:23,-38.0,-57.56,24.0,78,48,4.1
49,Whittlesea,ZA,2020-10-18 19:42:02,-32.18,26.82,12.9,75,17,1.72
50,Mikkeli,FI,2020-10-18 19:42:02,61.69,27.27,0.56,100,6,0.45
51,Lebu,CL,2020-10-18 19:42:02,-37.62,-73.65,12.95,65,0,3.14
52,Sinazongwe,ZM,2020-10-18 19:42:02,-17.26,27.46,26.91,31,0,1.3
53,Port Alfred,ZA,2020-10-18 19:42:02,-33.59,26.89,16.54,82,59,3.4
54,Bethel,US,2020-10-18 19:42:02,41.37,-73.41,15.56,54,40,5.1
55,Butaritari,KI,2020-10-18 19:42:02,3.07,172.79,27.8,72,99,8.09
56,Grand-Santi,GF,2020-10-18 19:42:02,4.25,-54.38,33.68,42,79,0.67
57,Nova Olimpia,BR,2020-10-18 19:42:03,-14.8,-57.29,25.86,71,92,1.91
58,Anadyr,RU,2020-10-18 19:42:03,64.75,177.48,-8.0,92,0,3.0
59,Iqaluit,CA,2020-10-18 19:42:03,63.75,-68.51,0.0,98,90,10.3
60,Punta Arenas,CL,2020-10-18 19:42:03,-53.15,-70.92,9.0,57,40,10.3
61,Kafue,ZM,2020-10-18 19:42:03,-15.77,28.18,21.0,21,0,1.5
62,Busselton,AU,2020-10-18 19:42:03,-33.65,115.33,14.44,55,0,3.64
63,Mataura,NZ,2020-10-18 19:42:03,-46.19,168.86,8.33,95,100,1.34
64,Aksu,CN,2020-10-18 19:42:03,41.12,80.26,9.61,46,0,1.23
65,Pyaozerskiy,RU,2020-10-18 19:42:04,65.83,31.17,2.21,95,100,5.31
66,Nguru,NG,2020-10-18 19:42:04,12.88,10.45,32.2,15,0,3.04
67,Abha,SA,2020-10-18 19:42:04,18.22,42.51,18.0,18,0,2.1
68,Katsuura,JP,2020-10-18 19:42:03,35.13,140.3,14.0,82,20,5.7
69,Vila Franca Do Campo,PT,2020-10-18 19:42:04,37.72,-25.43,16.0,59,20,3.1
70,Vanimo,PG,2020-10-18 19:42:04,-2.67,141.3,25.28,83,100,2.14
71,Tazovskiy,RU,2020-10-18 19:42:04,67.47,78.7,-6.08,95,97,5.79
72,Cape Town,ZA,2020-10-18 19:40:17,-33.93,18.42,16.67,77,40,6.7
73,Salalah,OM,2020-10-18 19:42:04,17.02,54.09,26.0,36,0,0.5
74,Quartucciu,IT,2020-10-18 19:42:05,39.25,9.18,16.11,77,20,4.1
75,Taoudenni,ML,2020-10-18 19:42:05,22.68,-3.98,30.23,15,0,4.86
76,Cherskiy,RU,2020-10-18 19:42:05,68.75,161.3,-6.73,92,84,3.24
77,East London,ZA,2020-10-18 19:42:05,-33.02,27.91,18.33,71,67,3.09
78,Jamestown,US,2020-10-18 19:42:05,42.1,-79.24,15.0,41,20,6.2
79,Ostrovnoy,RU,2020-10-18 19:42:06,68.05,39.51,1.47,85,50,6.35
80,Sao Felix Do Xingu,BR,2020-10-18 19:42:06,-6.64,-51.99,34.59,31,93,1.0
81,Xining,CN,2020-10-18 19:42:06,36.62,101.77,1.73,80,49,0.34
82,Tuatapere,NZ,2020-10-18 19:42:06,-46.13,167.68,8.33,95,100,1.34
83,Itabera,BR,2020-10-18 19:42:06,-23.86,-49.14,23.87,63,69,5.79
84,Provideniya,RU,2020-10-18 19:40:05,64.38,-173.3,1.0,80,75,2.23
85,San Jose,US,2020-10-18 19:37:44,37.34,-121.89,27.22,22,20,2.1
86,Yushu,CN,2020-10-18 19:42:06,44.8,126.53,3.76,71,23,4.74
87,Shakhtne,UA,2020-10-18 19:42:07,47.98,38.28,12.86,55,100,2.45
88,Alta Floresta,BR,2020-10-18 19:42:07,-9.88,-56.09,28.04,62,85,2.44
89,Acarigua,VE,2020-10-18 19:42:07,9.55,-69.2,35.0,39,95,5.7
90,Hobart,AU,2020-10-18 19:39:57,-42.88,147.33,10.0,57,75,3.6
91,Upernavik,GL,2020-10-18 19:42:07,72.79,-56.15,-0.25,93,6,4.52
92,Dubbo,AU,2020-10-18 19:42:03,-32.25,148.62,6.0,93,0,3.1
93,New Norfolk,AU,2020-10-18 19:42:07,-42.78,147.06,9.44,72,90,0.89
94,Lavrentiya,RU,2020-10-18 19:42:07,65.58,-171.0,2.03,89,20,1.49
95,San-Pedro,CI,2020-10-18 19:42:07,4.75,-6.64,25.1,91,97,2.33
96,Half Moon Bay,US,2020-10-18 19:42:08,37.46,-122.43,27.22,49,5,2.1
97,Naberera,TZ,2020-10-18 19:42:08,-4.2,36.93,18.7,72,8,5.6
98,Borborema,BR,2020-10-18 19:42:08,-21.62,-49.07,29.36,43,95,2.17
99,Manyana,BW,2020-10-18 19:42:08,-23.4,21.72,26.92,16,0,3.85
100,Ushtobe,KZ,2020-10-18 19:42:08,45.25,77.98,9.4,46,0,2.57
101,Waipawa,NZ,2020-10-18 19:42:08,-41.41,175.52,14.0,76,100,10.8
102,Hasaki,JP,2020-10-18 19:42:08,35.73,140.83,10.0,100,20,2.1
103,Monroe,US,2020-10-18 19:37:38,43.15,-77.68,15.0,41,90,3.6
104,Clyde River,CA,2020-10-18 19:42:09,70.47,-68.59,-1.0,86,90,1.5
105,Bredasdorp,ZA,2020-10-18 19:42:09,-34.53,20.04,16.0,77,100,1.0
106,Conceicao Do Araguaia,BR,2020-10-18 19:42:09,-8.26,-49.26,36.76,29,78,1.04
107,Vaini,TO,2020-10-18 19:42:09,-21.2,-175.2,21.0,88,75,6.91
108,Camacha,PT,2020-10-18 19:42:09,33.08,-16.33,22.0,88,40,7.2
109,Myitkyina,MM,2020-10-18 19:42:09,25.38,97.4,21.95,92,85,0.79
110,Dwarka,IN,2020-10-18 19:42:09,22.24,68.97,28.63,80,29,4.6
111,Ponta Do Sol,PT,2020-10-18 19:42:09,32.67,-17.1,23.0,83,75,11.8
112,Sioux Lookout,CA,2020-10-18 19:42:10,50.1,-91.92,-1.0,74,90,4.1
113,Toledo,ES,2020-10-18 19:42:10,39.83,-4.0,16.67,33,90,2.01
114,Mount Isa,AU,2020-10-18 19:42:10,-20.73,139.5,27.0,30,0,4.1
115,Hammerfest,NO,2020-10-18 19:42:10,70.66,23.68,-1.0,100,40,4.1
116,Kenai,US,2020-10-18 19:41:03,60.55,-151.26,1.0,86,90,1.5
117,Aras,ES,2020-10-18 19:42:10,42.56,-2.36,13.89,71,31,1.01
118,Shingu,JP,2020-10-18 19:42:10,33.73,135.98,16.37,70,100,3.05
119,Kosh-Agach,RU,2020-10-18 19:42:10,50.0,88.67,-3.38,87,4,0.77
120,Seymchan,RU,2020-10-18 19:42:11,62.88,152.43,-6.1,85,91,0.59
121,Bheramara,BD,2020-10-18 19:42:11,24.02,88.99,26.24,79,46,0.98
122,Lesnoy,RU,2020-10-18 19:42:11,57.62,63.08,1.95,84,100,4.62
123,Viytivka,UA,2020-10-18 19:42:11,48.43,29.54,7.69,79,0,3.56
124,Yola,NG,2020-10-18 19:42:11,9.2,12.48,28.04,53,0,1.27
125,Krasnoselkup,RU,2020-10-18 19:42:11,65.7,82.47,-8.16,96,100,7.55
126,Kargil,IN,2020-10-18 19:42:11,34.57,76.1,2.14,60,0,0.97
127,Tuktoyaktuk,CA,2020-10-18 19:42:12,69.45,-133.04,-10.0,92,20,1.5
128,Nassau,US,2020-10-18 19:38:46,40.75,-73.58,17.78,55,40,7.2
129,Madarounfa,NE,2020-10-18 19:42:12,13.31,7.16,31.27,28,0,0.39
130,Honiara,SB,2020-10-18 19:42:12,-9.43,159.95,24.0,94,75,2.05
131,Gazli,UZ,2020-10-18 19:42:12,40.13,63.45,13.42,32,0,5.52
132,Monte Patria,CL,2020-10-18 19:42:12,-30.69,-70.95,29.14,15,0,4.35
133,Khasan,RU,2020-10-18 19:42:12,42.43,130.64,7.81,57,0,3.77
134,Ewa Beach,US,2020-10-18 19:42:12,21.32,-158.01,29.0,66,75,2.6
135,Thompson,CA,2020-10-18 19:42:12,55.74,-97.86,-1.0,86,75,3.1
136,Aguimes,ES,2020-10-18 19:42:12,27.91,-15.45,22.0,73,20,5.1
137,Cidreira,BR,2020-10-18 19:42:13,-30.18,-50.21,20.76,80,47,8.7
138,Hirara,JP,2020-10-18 19:42:13,24.8,125.28,25.39,80,54,9.66
139,Kabare,CD,2020-10-18 19:42:13,-2.47,28.82,18.22,80,100,0.11
140,Port Hardy,CA,2020-10-18 19:42:13,50.7,-127.42,9.0,93,90,2.6
141,Copiapo,CL,2020-10-18 19:42:13,-27.37,-70.33,16.0,67,75,3.6
142,Apatou,GF,2020-10-18 19:42:13,5.16,-54.35,32.82,47,65,1.46
143,Cajaruro,PE,2020-10-18 19:42:14,-5.74,-78.43,31.58,42,75,1.19
144,Svarstad,NO,2020-10-18 19:42:14,59.4,9.97,3.89,14,29,1.69
145,Fortuna,US,2020-10-18 19:42:14,40.6,-124.16,17.22,59,20,5.7
146,Hofn,IS,2020-10-18 19:42:14,64.25,-15.21,6.26,74,80,7.65
147,Kavieng,PG,2020-10-18 19:42:14,-2.57,150.8,27.89,76,56,4.6
148,Dikson,RU,2020-10-18 19:42:14,73.51,80.55,-2.43,90,99,13.4
149,Talnakh,RU,2020-10-18 19:42:14,69.49,88.4,-9.0,92,90,4.0
150,Tommot,RU,2020-10-18 19:42:15,58.96,126.29,-12.19,91,0,0.98
151,Luderitz,NA,2020-10-18 19:42:15,-26.65,15.16,18.91,48,0,8.27
152,Beringovskiy,RU,2020-10-18 19:42:15,63.05,179.32,1.11,86,0,1.8
153,Tigil,RU,2020-10-18 19:42:15,57.8,158.67,1.13,91,54,5.06
154,Bodden Town,KY,2020-10-18 19:42:15,19.28,-81.25,29.0,79,75,7.7
155,Juba,SS,2020-10-18 19:42:15,4.85,31.58,21.3,93,100,0.77
156,Aykhal,RU,2020-10-18 19:42:16,66.0,111.5,-11.0,92,75,2.0
157,Zarubino,RU,2020-10-18 19:42:16,42.63,131.09,7.43,60,0,4.49
158,Aasiaat,GL,2020-10-18 19:42:16,68.71,-52.87,2.31,81,100,11.39
159,Pouembout,NC,2020-10-18 19:42:16,-21.13,164.9,21.04,72,0,2.63
160,Saint-Augustin,CA,2020-10-18 19:42:16,51.23,-58.65,12.46,53,0,3.14
161,Castro,BR,2020-10-18 19:38:37,-24.79,-50.01,20.57,74,100,3.35
162,Ugoofaaru,MV,2020-10-18 19:42:16,5.67,73.0,27.92,78,36,5.93
163,Paamiut,GL,2020-10-18 19:42:16,61.99,-49.67,5.81,85,44,15.16
164,Coquimbo,CL,2020-10-18 19:42:17,-29.95,-71.34,16.0,72,20,5.1
165,Nome,US,2020-10-18 19:42:17,64.5,-165.41,4.0,86,75,5.1
166,Hay River,CA,2020-10-18 19:42:17,60.82,-115.8,-4.0,68,75,2.6
167,Murgab,TM,2020-10-18 19:42:17,37.5,61.97,14.0,35,0,3.1
168,Saint-Philippe,RE,2020-10-18 19:42:17,-21.36,55.77,21.11,68,4,3.1
169,Itarema,BR,2020-10-18 19:42:17,-2.92,-39.92,27.39,69,93,8.06
170,Sao Filipe,CV,2020-10-18 19:42:17,14.9,-24.5,26.93,80,0,2.44
171,Mount Gambier,AU,2020-10-18 19:39:33,-37.83,140.77,9.0,100,90,3.1
172,Constitucion,CL,2020-10-18 19:42:18,-35.33,-72.42,14.58,57,0,7.9
173,Belyy Yar,RU,2020-10-18 19:42:18,53.6,91.39,4.0,44,97,6.0
174,Fukue,JP,2020-10-18 19:42:18,32.69,128.84,20.38,60,100,7.89
175,Padang,ID,2020-10-18 19:37:33,-0.95,100.35,25.65,77,98,1.75
176,Elizabeth City,US,2020-10-18 19:42:12,36.29,-76.25,23.0,64,1,4.6
177,Port Elizabeth,ZA,2020-10-18 19:42:18,-33.92,25.57,15.0,87,0,4.1
178,Zeya,RU,2020-10-18 19:42:19,53.75,127.27,-5.95,88,1,1.19
179,Bac Lieu,VN,2020-10-18 19:42:19,9.29,105.72,25.35,86,100,2.1
180,Ryotsu,JP,2020-10-18 19:42:19,38.08,138.43,15.93,66,100,1.72
181,Faribault,US,2020-10-18 19:42:19,44.3,-93.27,1.11,55,90,4.6
182,Ust-Kuyga,RU,2020-10-18 19:42:19,70.02,135.6,-6.44,96,100,2.55
183,Nemuro,JP,2020-10-18 19:42:19,43.32,145.57,12.01,71,0,6.3
184,Fairbanks,US,2020-10-18 19:42:19,64.84,-147.72,-9.0,72,90,0.6
185,Beroroha,MG,2020-10-18 19:42:19,-21.67,45.17,27.02,51,93,1.94
186,Margate,GB,2020-10-18 19:42:19,51.38,1.39,10.56,81,39,2.47
187,La Ronge,CA,2020-10-18 19:42:20,55.1,-105.28,-2.0,74,90,5.7
188,Terney,RU,2020-10-18 19:42:20,45.05,136.61,4.48,72,100,2.49
189,Coihaique,CL,2020-10-18 19:42:20,-45.58,-72.07,7.0,75,90,1.5
190,Pedasi,PA,2020-10-18 19:42:20,7.53,-80.03,28.1,77,100,6.0
191,Port Lincoln,AU,2020-10-18 19:42:20,-34.73,135.87,11.01,80,41,3.22
192,Laguna,US,2020-10-18 19:42:20,38.42,-121.42,30.56,26,1,1.97
193,Derzhavinsk,KZ,2020-10-18 19:42:20,51.1,66.32,3.6,65,23,4.09
194,Sangamner,IN,2020-10-18 19:42:20,19.57,74.22,23.95,87,100,2.81
195,Puerto Escondido,MX,2020-10-18 19:42:21,15.85,-97.07,30.0,66,40,3.1
196,Albany,US,2020-10-18 19:39:52,42.6,-73.97,16.67,43,100,5.04
197,Madang,PG,2020-10-18 19:42:21,-5.22,145.8,23.91,90,100,1.96
198,Nola,IT,2020-10-18 19:42:21,40.92,14.53,14.44,78,14,1.45
199,Suzun,RU,2020-10-18 19:42:21,53.78,82.31,0.17,92,0,3.45
200,Faanui,PF,2020-10-18 19:42:21,-16.48,-151.75,26.22,81,8,4.24
201,Tautira,PF,2020-10-18 19:42:21,-17.73,-149.15,29.0,70,40,6.7
202,Takoradi,GH,2020-10-18 19:42:22,4.88,-1.76,25.16,90,12,3.24
203,Roald,NO,2020-10-18 19:42:22,62.58,6.13,5.0,80,75,1.5
204,Harper,LR,2020-10-18 19:42:22,4.38,-7.72,25.22,90,100,3.2
205,Linxia,CN,2020-10-18 19:42:22,35.6,103.21,4.0,71,80,0.78
206,Lagoa,PT,2020-10-18 19:42:22,39.05,-27.98,17.08,67,70,8.16
207,Carnarvon,AU,2020-10-18 19:42:22,-24.87,113.63,21.0,83,90,5.7
208,Nikolskoye,RU,2020-10-18 19:42:22,59.7,30.79,2.78,93,90,3.0
209,Batagay-Alyta,RU,2020-10-18 19:42:23,67.8,130.41,-9.3,88,100,1.72
210,Kyabe,TD,2020-10-18 19:42:23,9.45,18.94,25.27,62,0,0.65
211,Quatre Cocos,MU,2020-10-18 19:42:23,-20.21,57.76,23.0,78,20,3.1
212,Lillooet,CA,2020-10-18 19:38:10,50.69,-121.94,7.0,87,90,1.5
213,Betanzos,ES,2020-10-18 19:42:23,43.28,-8.21,18.33,77,57,1.0
214,San Cristobal,VE,2020-10-18 19:37:49,7.77,-72.22,36.0,30,20,8.7
215,Sobolevo,RU,2020-10-18 19:42:23,54.43,31.9,4.27,85,100,7.48
216,Launceston,AU,2020-10-18 19:40:02,-41.45,147.17,5.56,93,15,1.5
217,Viedma,AR,2020-10-18 19:42:24,-40.81,-63.0,26.67,13,0,4.02
218,Khatanga,RU,2020-10-18 19:42:24,71.97,102.5,-13.79,85,50,3.93
219,Athabasca,CA,2020-10-18 19:41:54,54.72,-113.29,-3.6,76,0,1.53
220,Kireka,UG,2020-10-18 19:42:24,0.35,32.65,21.0,88,20,4.1
221,Sitrah,BH,2020-10-18 19:42:24,26.15,50.62,30.0,51,0,3.6
222,Astaneh-Ye Ashrafiyeh,IR,2020-10-18 19:42:24,37.26,49.94,15.0,100,0,0.82
223,Makakilo City,US,2020-10-18 19:42:24,21.35,-158.09,29.0,66,75,2.6
224,Bharatpur,IN,2020-10-18 19:38:03,27.22,77.48,25.55,21,66,1.09
225,Baryshivka,UA,2020-10-18 19:42:25,50.36,31.32,9.0,76,90,5.0
226,Teya,RU,2020-10-18 19:42:25,60.38,92.63,-2.11,93,100,7.01
227,Kyzyl-Suu,KG,2020-10-18 19:42:25,42.34,78.01,6.63,48,0,2.24
228,Ozark,US,2020-10-18 19:42:25,37.02,-93.21,11.11,86,100,0.89
229,Zhigansk,RU,2020-10-18 19:42:25,66.77,123.37,-11.82,93,73,2.39
230,Ucluelet,CA,2020-10-18 19:41:07,48.93,-125.55,12.78,100,90,1.5
231,Bambous Virieux,MU,2020-10-18 19:42:25,-20.34,57.76,23.0,78,20,3.1
232,Fort Nelson,CA,2020-10-18 19:42:25,58.81,-122.7,-8.0,72,5,2.22
233,Cayenne,GF,2020-10-18 19:37:29,4.93,-52.33,32.0,55,32,5.1
234,Guiuan,PH,2020-10-18 19:42:26,11.03,125.72,28.12,80,100,5.03
235,Prince Rupert,CA,2020-10-18 19:42:26,54.32,-130.32,8.0,75,90,1.5
236,Pomabamba,PE,2020-10-18 19:42:26,-8.83,-77.47,17.42,40,92,1.8
237,Meulaboh,ID,2020-10-18 19:42:26,4.14,96.13,24.59,83,100,1.8
238,Oron,NG,2020-10-18 19:42:26,4.83,8.23,24.65,88,34,2.01
239,San Cosme Y Damian,PY,2020-10-18 19:42:26,-27.32,-56.35,33.0,60,0,2.1
240,Dalvik,IS,2020-10-18 19:42:26,65.97,-18.53,6.0,75,90,7.7
241,Alyangula,AU,2020-10-18 19:42:26,-13.85,136.42,21.0,100,10,1.5
242,Qaqortoq,GL,2020-10-18 19:42:27,60.72,-46.03,3.0,74,78,1.5
243,Lardos,GR,2020-10-18 19:42:27,36.09,28.02,24.0,88,20,2.66
244,Jiayuguan,CN,2020-10-18 19:42:27,39.82,98.3,6.53,46,100,5.17
245,Tiksi,RU,2020-10-18 19:42:27,71.69,128.87,-7.7,95,100,7.28
246,South Sioux City,US,2020-10-18 19:42:27,42.47,-96.41,5.0,41,1,6.2
247,Geraldton,AU,2020-10-18 19:42:27,-28.77,114.6,13.0,93,75,3.96
248,Yar-Sale,RU,2020-10-18 19:42:27,66.83,70.83,-6.93,96,30,3.79
249,Komsomolskiy,UZ,2020-10-18 19:42:28,40.43,71.72,12.0,58,0,4.1
250,Chokurdakh,RU,2020-10-18 19:42:28,70.63,147.92,-7.2,98,92,2.8
251,Ust-Maya,RU,2020-10-18 19:42:28,60.42,134.53,-10.09,95,99,2.06
252,Camana,PE,2020-10-18 19:42:28,-16.62,-72.71,18.76,66,67,2.47
253,Raga,SS,2020-10-18 19:42:28,8.46,25.68,22.84,84,57,1.56
254,Chau Doc,VN,2020-10-18 19:39:36,10.7,105.12,24.82,89,100,1.62
255,Adre,TD,2020-10-18 19:42:28,13.47,22.2,27.64,17,0,3.18
256,Sovetskiy,RU,2020-10-18 19:42:29,61.36,63.58,-0.6,93,100,3.17
257,Jimma,ET,2020-10-18 19:42:29,7.67,36.83,16.03,86,95,0.66
258,Senador Canedo,BR,2020-10-18 19:42:29,-16.71,-49.09,32.0,38,90,3.1
259,Semnan,IR,2020-10-18 19:42:29,35.57,53.4,11.32,33,0,0.47
260,Sabang,ID,2020-10-18 19:42:29,5.89,95.32,28.44,73,99,7.12
261,Chuy,UY,2020-10-18 19:42:29,-33.7,-53.46,24.38,62,0,3.41
262,Krasnoye,UA,2020-10-18 19:42:29,49.91,24.61,7.0,81,90,3.0
263,Huarmey,PE,2020-10-18 19:42:29,-10.07,-78.15,20.84,64,24,4.83
264,Tasiilaq,GL,2020-10-18 19:42:30,65.61,-37.64,0.0,91,41,4.6
265,Bubaque,GW,2020-10-18 19:42:30,11.28,-15.83,28.19,85,0,5.67
266,Wahiawa,US,2020-10-18 19:42:30,21.5,-158.02,29.0,100,75,1.5
267,Caxito,AO,2020-10-18 19:42:20,-8.58,13.66,25.0,83,75,3.1
268,Kuppam,IN,2020-10-18 19:42:30,12.75,78.37,20.57,97,100,2.01
269,Vila Velha,BR,2020-10-18 19:40:09,-20.33,-40.29,24.44,88,90,3.6
270,Saint-Pierre,RE,2020-10-18 19:42:30,-21.34,55.48,21.11,68,0,3.1
271,Shache,CN,2020-10-18 19:42:30,38.42,77.24,7.93,50,0,2.37
272,Bengkulu,ID,2020-10-18 19:42:31,-3.8,102.27,23.92,93,100,2.98
273,Banda Aceh,ID,2020-10-18 19:42:31,5.56,95.32,27.39,69,99,5.23
274,Morant Bay,JM,2020-10-18 19:42:31,17.88,-76.41,30.0,66,40,7.2
275,Jucurutu,BR,2020-10-18 19:42:31,-6.03,-37.02,34.47,28,100,4.78
276,Husavik,IS,2020-10-18 19:42:31,66.04,-17.34,6.0,75,90,7.7
277,Vanavara,RU,2020-10-18 19:42:31,60.34,102.28,0.18,95,100,6.72
278,Aksarka,RU,2020-10-18 19:42:31,66.56,67.8,-6.6,96,0,3.26
279,Maarianhamina,AX,2020-10-18 19:42:32,60.1,19.93,3.0,69,90,5.1
280,Bereda,ES,2020-10-18 19:42:32,43.27,-7.54,13.33,96,80,0.89
281,Tomigusuku,JP,2020-10-18 19:42:32,26.18,127.67,25.0,83,20,4.6
282,Henties Bay,NA,2020-10-18 19:42:32,-22.12,14.28,15.56,89,0,2.24
283,Roros,NO,2020-10-18 19:42:32,62.57,11.38,-1.0,74,78,3.1
284,Aklavik,CA,2020-10-18 19:42:32,68.22,-135.01,-11.0,85,5,1.5
285,Port Blair,IN,2020-10-18 19:41:09,11.67,92.75,26.96,83,100,6.56
286,Olafsvik,IS,2020-10-18 19:42:33,64.89,-23.71,5.58,78,53,13.65
287,Xam Nua,LA,2020-10-18 19:42:33,20.42,104.04,14.54,94,100,1.11
288,Kulhudhuffushi,MV,2020-10-18 19:42:33,6.62,73.07,27.89,79,100,6.75
289,Sampit,ID,2020-10-18 19:42:33,-2.53,112.95,22.81,98,99,1.05
290,Northam,GB,2020-10-18 19:42:33,51.03,-4.22,10.56,88,71,4.47
291,Jiangyou,CN,2020-10-18 19:42:33,31.77,104.72,14.55,83,100,0.9
292,Sistranda,NO,2020-10-18 19:42:33,63.73,8.83,6.0,70,40,8.7
293,Karatau,KZ,2020-10-18 19:42:33,43.17,70.47,7.27,51,0,1.27
294,Pevek,RU,2020-10-18 19:42:33,69.7,170.31,-4.53,94,96,7.47
295,Broome,US,2020-10-18 19:42:34,42.25,-75.83,15.0,32,1,5.1
296,Sibolga,ID,2020-10-18 19:42:34,1.74,98.78,25.33,73,100,1.5
297,Antofagasta,CL,2020-10-18 19:37:55,-23.65,-70.4,19.44,82,90,6.2
298,Aberdeen,GB,2020-10-18 19:42:34,57.14,-2.1,7.0,87,75,1.5
299,Touros,BR,2020-10-18 19:42:14,-5.2,-35.46,28.0,65,40,7.2
300,Colac,AU,2020-10-18 19:42:34,-38.33,143.58,7.78,98,52,1.63
301,Saskylakh,RU,2020-10-18 19:42:34,71.92,114.08,-6.23,97,100,2.91
302,Lamu,KE,2020-10-18 19:42:35,-2.27,40.9,26.0,78,20,2.6
303,Vostok,RU,2020-10-18 19:42:35,46.49,135.88,-4.89,93,0,1.64
304,Tessalit,ML,2020-10-18 19:42:35,20.2,1.01,30.42,14,0,5.33
305,Port Moresby,PG,2020-10-18 19:38:46,-9.44,147.18,25.0,100,75,3.1
306,Ranfurly,NZ,2020-10-18 19:42:35,-45.13,170.1,5.56,96,94,0.53
307,Olsztyn,PL,2020-10-18 19:39:29,53.78,20.49,5.0,93,0,2.1
308,Emerald,AU,2020-10-18 19:42:35,-23.53,148.17,18.0,82,0,3.1
309,Lasa,IT,2020-10-18 19:42:35,46.62,10.7,6.67,80,5,0.55
310,Kemin,KG,2020-10-18 19:42:36,42.78,75.69,9.38,46,0,1.75
311,Sungaipenuh,ID,2020-10-18 19:42:36,-2.08,101.38,18.6,90,96,0.78
312,Nador,MA,2020-10-18 19:42:36,35.17,-2.93,20.0,72,69,2.1
313,Marsa Matruh,EG,2020-10-18 19:42:36,31.35,27.25,24.49,68,0,3.41
314,Englehart,CA,2020-10-18 19:42:36,47.82,-79.87,5.0,93,90,5.7
315,Gizo,SB,2020-10-18 19:42:36,-8.1,156.84,27.76,73,33,2.66
316,Zhicheng,CN,2020-10-18 19:42:36,30.3,111.5,11.11,93,41,1.23
317,Chapais,CA,2020-10-18 19:42:36,49.78,-74.85,8.0,75,90,10.8
318,Nanortalik,GL,2020-10-18 19:42:37,60.14,-45.24,3.89,95,92,3.78
319,Ochakiv,UA,2020-10-18 19:42:37,46.61,31.55,11.67,81,64,3.0
320,Uvinza,TZ,2020-10-18 19:42:37,-5.1,30.39,22.56,54,69,1.12
321,Georgetown,MY,2020-10-18 19:42:08,5.41,100.34,27.0,88,20,2.1
322,Atherton,GB,2020-10-18 19:41:30,53.52,-2.49,10.56,79,100,0.89
323,Vestmannaeyjar,IS,2020-10-18 19:42:37,63.44,-20.27,7.28,72,35,7.22
324,Charyshskoye,RU,2020-10-18 19:42:37,51.4,83.56,-1.64,92,10,2.18
325,Tyukhtet,RU,2020-10-18 19:42:37,56.54,89.3,-0.64,92,98,6.48
326,Mehamn,NO,2020-10-18 19:42:38,71.04,27.85,-3.0,92,76,3.1
327,Obihiro,JP,2020-10-18 19:42:38,42.92,143.2,6.27,84,0,1.1
328,North Bend,US,2020-10-18 19:42:38,43.41,-124.22,22.22,67,90,2.88
329,Mahebourg,MU,2020-10-18 19:42:38,-20.41,57.7,23.0,78,20,3.1
330,Bathsheba,BB,2020-10-18 19:42:38,13.22,-59.52,29.0,70,40,3.1
331,Verkhoyansk,RU,2020-10-18 19:42:38,67.54,133.38,-9.28,95,100,2.51
332,Brookhaven,US,2020-10-18 19:42:38,31.58,-90.44,26.67,71,0,2.92
333,Arraial Do Cabo,BR,2020-10-18 19:42:38,-22.97,-42.03,25.0,69,40,9.3
334,San Patricio,US,2020-10-18 19:42:38,28.02,-97.52,33.0,46,20,7.2
335,Miranda,CO,2020-10-18 19:42:39,3.25,-76.23,32.0,46,40,7.2
336,Praia,CV,2020-10-18 19:39:19,14.92,-23.51,28.0,83,74,3.1
337,Veracruz,MX,2020-10-18 19:42:39,19.33,-96.67,32.0,59,40,3.6
338,Port Pirie,AU,2020-10-18 19:42:39,-33.18,138.02,9.0,93,0,2.6
339,Cascais,PT,2020-10-18 19:42:39,38.7,-9.42,17.78,77,66,2.1
340,Arandis,NA,2020-10-18 19:42:39,-22.42,14.97,15.56,89,0,2.24
341,Paita,PE,2020-10-18 19:42:39,-5.09,-81.11,21.08,68,29,8.26
342,Longyearbyen,SJ,2020-10-18 19:42:39,78.22,15.64,-3.0,79,40,3.1
343,Ankazoabo,MG,2020-10-18 19:42:39,-22.28,44.52,23.51,46,40,2.75
344,Saldanha,ZA,2020-10-18 19:42:40,-33.01,17.94,15.0,77,100,4.1
345,Kushalgarh,IN,2020-10-18 19:42:40,23.2,74.45,26.34,75,15,2.39
346,Beira,MZ,2020-10-18 19:42:40,-19.84,34.84,22.0,83,0,2.6
347,Vardo,NO,2020-10-18 19:42:40,70.37,31.11,4.0,60,20,12.9
348,Noumea,NC,2020-10-18 19:42:40,-22.28,166.46,21.11,77,0,2.1
349,Cloquet,US,2020-10-18 19:42:40,46.72,-92.46,-1.11,58,90,5.1
350,Nalut,LY,2020-10-18 19:42:40,30.33,10.85,18.15,55,0,7.2
351,Dzilam Gonzalez,MX,2020-10-18 19:42:40,21.28,-88.93,28.38,79,31,3.6
352,Pangody,RU,2020-10-18 19:42:41,65.85,74.49,-4.17,97,26,6.09
353,Ngama,TD,2020-10-18 19:42:41,11.78,17.17,30.43,21,0,1.56
354,Balikpapan,ID,2020-10-18 19:42:41,-1.27,116.83,24.18,92,95,1.02
355,Flagstaff,US,2020-10-18 19:39:54,35.2,-111.65,25.56,11,1,6.2
356,Yuzhno-Kurilsk,RU,2020-10-18 19:42:41,44.03,145.86,10.64,72,0,1.67
357,Skibbereen,IE,2020-10-18 19:42:41,51.55,-9.27,12.0,93,75,4.6
358,Sabha,LY,2020-10-18 19:42:42,27.04,14.43,27.89,21,100,8.93
359,Ballina,AU,2020-10-18 19:42:42,-28.87,153.57,17.0,100,75,2.6
360,Pacific Grove,US,2020-10-18 19:42:42,36.62,-121.92,25.56,59,1,2.1
361,Musoma,TZ,2020-10-18 19:42:42,-1.5,33.8,22.0,78,40,3.41
362,Kupang,ID,2020-10-18 19:42:42,-10.17,123.58,25.55,73,13,1.71
363,Carora,VE,2020-10-18 19:42:42,10.18,-70.08,34.19,35,92,1.94
364,Ilulissat,GL,2020-10-18 19:42:42,69.22,-51.1,6.0,48,100,9.3
365,Sao Jose Da Coroa Grande,BR,2020-10-18 19:42:42,-8.9,-35.15,24.96,74,92,4.44
366,Metro,ID,2020-10-18 19:42:43,-5.11,105.31,24.0,92,83,1.91
367,Minden,DE,2020-10-18 19:42:43,52.28,8.92,9.44,93,75,2.6
368,Sangar,RU,2020-10-18 19:42:43,63.92,127.47,-9.81,96,97,2.64
369,Ancud,CL,2020-10-18 19:42:43,-41.87,-73.82,10.56,81,75,5.1
370,Sisimiut,GL,2020-10-18 19:42:43,66.94,-53.67,6.31,68,100,8.16
371,Svetlogorsk,BY,2020-10-18 19:42:43,52.63,29.73,5.63,84,84,5.7
372,Nuuk,GL,2020-10-18 19:42:43,64.18,-51.72,11.0,62,40,9.8
373,Deputatskiy,RU,2020-10-18 19:42:43,69.3,139.9,-10.69,96,100,4.0
374,Kapoeta,SS,2020-10-18 19:42:43,4.77,33.59,22.9,84,99,0.52
375,Tura,IN,2020-10-18 19:42:44,25.52,90.22,22.78,90,0,0.77
376,Ahuimanu,US,2020-10-18 19:42:44,21.44,-157.84,28.89,74,40,2.1
377,Chunskiy,RU,2020-10-18 19:42:44,56.08,99.63,2.21,82,100,5.64
378,Faya,SA,2020-10-18 19:42:44,18.39,42.45,18.0,18,0,2.1
379,Burnie,AU,2020-10-18 19:42:44,-41.07,145.92,8.33,73,34,0.89
380,Roseburg,US,2020-10-18 19:41:55,43.22,-123.34,14.0,82,1,1.12
381,Russell,US,2020-10-18 19:42:44,32.35,-85.2,26.0,54,1,1.5
382,San Rafael,AR,2020-10-18 19:42:45,-34.62,-68.33,28.07,21,0,6.22
383,Calama,CL,2020-10-18 19:40:55,-22.47,-68.93,25.0,5,0,10.3
384,Torit,SS,2020-10-18 19:42:45,4.41,32.57,20.7,91,83,1.39
385,Yozgat,TR,2020-10-18 19:42:45,39.58,35.33,14.82,50,42,1.45
386,Miri,MY,2020-10-18 19:42:45,4.41,114.01,25.0,100,40,1.0
387,Egvekinot,RU,2020-10-18 19:42:45,66.32,-179.17,-3.89,89,100,2.21
388,Lukulu,ZM,2020-10-18 19:42:45,-14.37,23.24,23.35,22,0,2.51
389,Ureki,GE,2020-10-18 19:42:45,42.0,41.78,17.0,82,71,4.1
390,Beli Potok,RS,2020-10-18 19:42:45,44.71,20.52,8.0,75,0,1.5
391,Hamilton,US,2020-10-18 19:42:37,39.18,-84.53,15.0,71,90,5.7
392,Yenagoa,NG,2020-10-18 19:42:46,4.92,6.26,24.9,92,29,2.19
393,Flinders,AU,2020-10-18 19:42:46,-34.58,150.86,14.44,83,95,0.89
394,Mandalgovi,MN,2020-10-18 19:42:46,45.76,106.27,2.98,59,79,4.84
395,Parakai,NZ,2020-10-18 19:42:46,-36.65,174.43,15.56,86,24,0.45
396,Luxor,EG,2020-10-18 19:42:47,25.7,32.64,26.73,32,0,2.0
397,Tinskoy,RU,2020-10-18 19:42:47,56.15,96.92,0.57,88,99,4.89
398,Shahr-E Babak,IR,2020-10-18 19:42:47,30.12,55.12,7.13,38,0,1.94
399,Sept-Iles,CA,2020-10-18 19:42:47,50.2,-66.38,7.22,87,75,3.1
400,Lorengau,PG,2020-10-18 19:42:47,-2.02,147.27,27.71,79,100,3.6
401,Bouna,CI,2020-10-18 19:42:47,9.27,-3.0,24.8,84,14,2.1
402,Omboue,GA,2020-10-18 19:42:47,-1.57,9.26,25.06,90,100,3.12
403,Novosheshminsk,RU,2020-10-18 19:42:48,55.07,51.23,11.51,77,100,7.22
404,Tarko-Sale,RU,2020-10-18 19:42:48,64.92,77.78,-3.85,97,62,6.56
405,Cabo San Lucas,MX,2020-10-18 19:38:09,22.89,-109.91,32.22,66,5,2.6
406,Tual,ID,2020-10-18 19:42:48,-5.67,132.75,26.84,82,80,5.98
407,Talaya,RU,2020-10-18 19:42:48,61.38,152.75,-4.87,95,100,0.93
408,Wakkanai,JP,2020-10-18 19:42:48,45.41,141.67,9.69,60,4,6.23
409,Juneau,US,2020-10-18 19:42:09,58.3,-134.42,2.78,74,90,2.27
410,Thayetmyo,MM,2020-10-18 19:42:48,19.32,95.18,23.41,94,100,0.51
411,Nouadhibou,MR,2020-10-18 19:42:48,20.93,-17.03,27.0,44,0,6.7
412,Emboscada,PY,2020-10-18 19:42:48,-25.15,-57.35,36.0,32,40,3.6
413,Stepnogorsk,KZ,2020-10-18 19:42:49,52.35,71.89,0.29,88,1,1.66
414,Manicore,BR,2020-10-18 19:42:49,-5.81,-61.3,36.08,36,76,1.77
415,Katangli,RU,2020-10-18 19:42:49,51.71,143.23,-0.56,90,92,8.25
416,Mikhaylovka,RU,2020-10-18 19:42:49,50.06,43.24,12.78,71,100,1.79
417,Narsaq,GL,2020-10-18 19:42:49,60.92,-46.05,3.0,74,87,1.5
418,Iquitos,PE,2020-10-18 19:42:49,-3.75,-73.25,31.0,62,75,1.5
419,Xixiang,CN,2020-10-18 19:42:49,35.16,112.86,13.89,99,99,0.95
420,Hithadhoo,MV,2020-10-18 19:42:50,-0.6,73.08,28.54,77,100,6.98
421,Zunyi,CN,2020-10-18 19:42:50,27.69,106.91,11.65,88,100,0.45
422,Binga,ZW,2020-10-18 19:42:50,-17.62,27.34,25.81,30,0,1.38
423,Kisangani,CD,2020-10-18 19:42:50,0.52,25.2,21.8,96,88,0.5
424,Natal,BR,2020-10-18 19:42:15,-5.79,-35.21,28.0,65,40,7.2
425,Le Port,RE,2020-10-18 19:42:50,-20.94,55.29,23.0,73,20,3.1
426,Tabas,IR,2020-10-18 19:42:50,33.6,56.92,15.0,9,0,2.1
427,Ahipara,NZ,2020-10-18 19:42:50,-35.17,173.17,16.32,82,22,4.01
428,Altay,CN,2020-10-18 19:42:50,47.87,88.12,4.31,67,98,1.25
429,Newport,GB,2020-10-18 19:40:52,51.59,-3.0,11.11,88,99,2.09
430,Yurimaguas,PE,2020-10-18 19:42:51,-5.9,-76.08,35.46,35,80,1.72
431,Alofi,NU,2020-10-18 19:42:51,-19.06,-169.92,25.0,94,94,3.6
432,Rairangpur,IN,2020-10-18 19:42:51,22.27,86.18,23.17,87,100,0.76
433,Guasdualito,VE,2020-10-18 19:42:51,7.24,-70.73,30.64,66,98,1.69
434,Santa Isabel Do Rio Negro,BR,2020-10-18 19:42:51,-0.41,-65.02,31.74,53,78,1.08
435,Batemans Bay,AU,2020-10-18 19:42:51,-35.72,150.18,12.78,81,95,0.3
436,Cordoba,AR,2020-10-18 19:39:18,-31.41,-64.18,38.89,22,0,9.8
437,Atar,MR,2020-10-18 19:42:52,20.52,-13.05,33.89,21,0,4.17
438,Comodoro Rivadavia,AR,2020-10-18 19:42:52,-45.87,-67.5,20.0,24,40,12.9
439,Bilma,NE,2020-10-18 19:42:52,18.69,12.92,29.39,14,0,2.54
440,Sault Sainte Marie,CA,2020-10-18 19:42:52,46.52,-84.33,7.0,56,90,2.6
441,Yokadouma,CM,2020-10-18 19:42:52,3.52,15.05,21.64,93,58,0.79
442,Yarada,IN,2020-10-18 19:42:52,17.65,83.27,27.0,94,90,1.0
443,Dunedin,NZ,2020-10-18 19:38:06,-45.87,170.5,10.0,89,100,0.91
444,Fort-Shevchenko,KZ,2020-10-18 19:42:52,44.51,50.26,17.18,32,0,5.89
445,Boa Vista,BR,2020-10-18 19:42:30,2.82,-60.67,36.0,34,40,5.1
446,Horsham,GB,2020-10-18 19:39:01,51.06,-0.33,11.11,87,78,0.5
447,Goba,ET,2020-10-18 19:42:53,7.02,39.98,10.79,88,83,0.91
448,Cockburn Town,TC,2020-10-18 19:42:53,21.46,-71.14,28.14,77,100,6.28
449,Mastic Beach,US,2020-10-18 19:40:20,40.77,-72.85,17.0,48,20,5.7
450,Saint-Francois,FR,2020-10-18 19:42:53,46.42,3.91,7.78,81,70,1.0
451,Morgan City,US,2020-10-18 19:42:53,29.7,-91.21,28.33,69,75,4.6
452,Nishihara,JP,2020-10-18 19:42:53,26.18,127.76,25.0,94,40,2.1
453,Lundazi,ZM,2020-10-18 19:42:53,-12.29,33.18,20.26,55,1,3.38
454,Portland,US,2020-10-18 19:39:15,45.52,-122.68,18.33,72,75,3.6
455,Morehead,US,2020-10-18 19:42:54,37.27,-87.18,17.0,87,90,5.1
456,Loandjili,CG,2020-10-18 19:42:54,-4.76,11.86,26.0,88,75,4.1
457,Marathon,US,2020-10-18 19:42:54,44.9,-89.77,5.0,44,20,7.7
458,Seoul,KR,2020-10-18 19:38:17,37.57,126.98,9.0,100,1,0.76
459,Rodrigues Alves,BR,2020-10-18 19:42:54,-7.74,-72.65,33.71,40,23,2.23
460,Slanic-Moldova,RO,2020-10-18 19:42:54,46.2,26.43,11.0,81,74,4.1
461,Sechura,PE,2020-10-18 19:42:54,-5.56,-80.82,25.2,52,9,6.78
462,Buenos Aires,AR,2020-10-18 19:42:19,-34.61,-58.38,32.0,74,20,3.6
463,Gustavo Diaz Ordaz,MX,2020-10-18 19:42:55,26.23,-98.58,33.89,56,0,1.34
464,Victor Harbor,AU,2020-10-18 19:42:55,-35.57,138.62,8.89,90,2,1.74
465,Maningrida,AU,2020-10-18 19:42:55,-12.07,134.27,24.56,82,54,1.45
466,Whyalla,AU,2020-10-18 19:42:55,-33.03,137.58,9.0,93,0,2.6
467,Kita,ML,2020-10-18 19:42:55,13.03,-9.49,28.59,40,47,1.17
468,Boyolangu,ID,2020-10-18 19:42:55,-8.12,111.89,24.21,88,100,2.4
469,Grand Gaube,MU,2020-10-18 19:42:55,-20.01,57.66,22.22,73,0,1.34
470,Moree,AU,2020-10-18 19:42:56,-29.47,149.85,11.0,93,90,1.5
471,Matamoros,MX,2020-10-18 19:42:56,25.53,-103.25,32.0,19,5,2.5
472,Mariveles,PH,2020-10-18 19:42:56,14.48,120.48,26.0,83,20,1.5
473,Kailua,US,2020-10-18 19:39:09,21.4,-157.74,28.33,74,40,2.1
474,Carnduff,CA,2020-10-18 19:42:56,49.17,-101.8,-2.78,57,0,4.02
475,Gayeri,BF,2020-10-18 19:42:56,12.65,0.49,30.78,38,12,2.3
476,Airai,TL,2020-10-18 19:42:56,-8.93,125.41,15.68,69,23,1.01
477,Mayumba,GA,2020-10-18 19:42:56,-3.43,10.66,25.54,89,100,3.73
478,Richards Bay,ZA,2020-10-18 19:40:11,-28.78,32.04,22.24,82,97,7.05
479,Sedhiou,SN,2020-10-18 19:42:57,12.71,-15.56,28.41,61,0,0.97
480,Nyirvasvari,HU,2020-10-18 19:42:57,47.82,22.19,5.0,93,0,2.1
481,Moerai,PF,2020-10-18 19:42:57,-22.43,-151.33,24.17,76,58,5.41
482,Chifeng,CN,2020-10-18 19:42:57,42.27,118.96,6.84,57,0,3.52
483,Mormugao,IN,2020-10-18 19:42:57,15.4,73.8,25.0,100,40,1.0
484,Vila,PT,2020-10-18 19:42:57,42.03,-8.16,16.67,58,100,1.34
485,San Andres,CO,2020-10-18 19:38:21,12.58,-81.7,31.0,70,75,3.6
486,Pucallpa,PE,2020-10-18 19:42:57,-8.38,-74.55,33.0,52,40,3.6
487,Ayan,RU,2020-10-18 19:42:58,56.45,138.17,-3.35,85,72,8.58
488,Svetlyy,RU,2020-10-18 19:42:58,54.67,20.13,9.44,70,20,4.0
489,Yerbogachen,RU,2020-10-18 19:42:58,61.28,108.01,1.79,96,100,2.61
490,Baisha,CN,2020-10-18 19:42:58,26.52,110.93,11.9,86,87,0.83
491,Lufilufi,WS,2020-10-18 19:42:58,-13.87,-171.6,29.0,79,40,2.37
492,Port Hueneme,US,2020-10-18 19:41:47,34.15,-119.2,24.0,73,1,2.6
493,Oksbol,DK,2020-10-18 19:42:58,55.63,8.29,7.22,75,23,1.5
494,San Ramon,US,2020-10-18 19:40:11,37.78,-121.98,30.56,18,1,0.73
495,Marquette,US,2020-10-18 19:42:59,46.53,-87.63,5.0,49,99,4.47
496,Ilo,PE,2020-10-18 19:42:59,-17.64,-71.34,17.96,70,70,2.34
497,Oranjestad,AW,2020-10-18 19:42:59,12.52,-70.03,32.0,66,40,11.3
498,Makat,KZ,2020-10-18 19:42:59,47.65,53.35,15.66,29,0,6.2
499,Mackay,AU,2020-10-18 19:42:59,-21.15,149.2,17.22,87,40,0.5
500,Yaguachi,EC,2020-10-18 19:42:59,-2.12,-79.68,31.0,58,75,3.6
501,Hambantota,LK,2020-10-18 19:42:59,6.12,81.12,26.0,83,88,1.5
502,Bilibino,RU,2020-10-18 19:42:59,68.05,166.44,-9.57,94,91,1.04
503,Igunga,TZ,2020-10-18 19:38:36,-4.28,33.88,27.36,29,96,2.76
504,Nhulunbuy,AU,2020-10-18 19:43:00,-12.23,136.77,22.0,88,56,3.11
505,Letterkenny,IE,2020-10-18 19:43:00,54.95,-7.73,12.0,81,20,4.1
506,Coahuayana,MX,2020-10-18 19:43:00,18.73,-103.68,28.0,74,40,3.12
507,Veraval,IN,2020-10-18 19:43:00,20.9,70.37,27.8,84,100,3.39
508,Nueva Loja,EC,2020-10-18 19:43:00,0.08,-76.88,29.0,70,75,2.1
509,Tsabong,BW,2020-10-18 19:43:00,-26.02,22.4,28.77,15,0,2.57
510,Berlevag,NO,2020-10-18 19:43:00,70.86,29.09,-3.0,92,20,1.0
511,Rafaela,AR,2020-10-18 19:40:12,-31.25,-61.49,38.33,24,0,3.13
512,Beyneu,KZ,2020-10-18 19:43:01,45.32,55.2,14.02,32,0,6.35
513,Lianran,CN,2020-10-18 19:43:01,24.92,102.48,12.22,100,90,4.0
514,Broken Hill,AU,2020-10-18 19:43:01,-31.95,141.43,8.0,75,0,3.1
515,Tubbergen,NL,2020-10-18 19:43:01,52.4,6.77,10.0,92,100,0.89
516,Acapulco,MX,2020-10-18 19:41:06,16.86,-99.89,30.0,79,40,3.6
517,Chiang Khong,TH,2020-10-18 19:43:01,20.26,100.4,22.0,94,40,2.6
518,Kidal,ML,2020-10-18 19:43:01,18.44,1.41,32.99,12,29,2.86
519,Geelong,AU,2020-10-18 19:43:02,-38.15,144.36,8.0,100,90,2.6
520,Souillac,MU,2020-10-18 19:43:02,-20.52,57.52,23.0,78,20,3.1
521,Xiuyan,CN,2020-10-18 19:43:02,40.29,123.27,8.07,55,0,0.06
522,Pitimbu,BR,2020-10-18 19:38:24,-7.47,-34.81,28.0,65,20,7.2
523,Ilhabela,BR,2020-10-18 19:43:03,-23.78,-45.36,22.31,78,72,5.17
524,Victoria Point,AU,2020-10-18 19:43:03,-27.58,153.3,18.33,86,93,1.34
525,Grindavik,IS,2020-10-18 19:43:03,63.84,-22.43,6.0,81,20,10.8
526,Zuwarah,LY,2020-10-18 19:43:03,32.93,12.08,21.36,51,0,4.13
527,Agadir,MA,2020-10-18 19:43:03,30.42,-9.6,18.0,82,75,1.5
528,Xianyang,CN,2020-10-18 19:43:03,34.34,108.7,12.22,100,0,2.0
529,Naze,JP,2020-10-18 19:43:03,28.37,129.48,24.0,88,75,9.3
530,Bud,US,2020-10-18 19:43:03,39.45,-86.18,17.22,59,75,3.6
531,Vestmanna,FO,2020-10-18 19:43:03,62.16,-7.17,4.0,93,100,2.1
532,Pangnirtung,CA,2020-10-18 19:43:04,66.15,-65.71,6.0,75,90,9.8
533,Garowe,SO,2020-10-18 19:43:04,8.41,48.48,26.74,62,0,5.03
534,Hatillo,PR,2020-10-18 19:43:04,18.49,-66.83,30.0,70,1,4.6
535,Pierre,US,2020-10-18 19:42:40,44.37,-100.35,3.89,34,1,4.1
536,Asau,RO,2020-10-18 19:43:04,46.43,26.4,11.0,81,79,4.1
537,Gawler,AU,2020-10-18 19:43:04,-34.6,138.73,7.22,86,0,1.62
538,Kahului,US,2020-10-18 19:40:32,20.89,-156.47,31.0,55,40,3.1
539,Manta,EC,2020-10-18 19:40:05,-0.95,-80.73,28.0,65,75,5.1
540,Havelock,US,2020-10-18 19:43:05,34.88,-76.9,24.44,64,5,4.6
541,Itaituba,BR,2020-10-18 19:43:05,-4.28,-55.98,33.55,40,86,2.07
542,Mana,GF,2020-10-18 19:43:05,5.66,-53.78,29.37,68,1,4.79
543,Bulawayo,ZW,2020-10-18 19:43:05,-20.15,28.58,23.69,27,0,3.28
544,Champerico,GT,2020-10-18 19:43:05,14.3,-91.92,33.0,59,40,4.1
545,Brae,GB,2020-10-18 19:43:05,60.4,-1.35,5.0,86,75,3.1
546,Boromo,BF,2020-10-18 19:43:05,11.75,-2.93,29.25,51,98,1.69
547,Iquique,CL,2020-10-18 19:43:05,-20.22,-70.14,19.0,59,51,6.2
548,Morros,BR,2020-10-18 19:43:06,-9.45,-46.3,35.09,22,95,1.93
549,Namibe,AO,2020-10-18 19:43:06,-15.2,12.15,20.84,74,20,1.78
550,Lima,PE,2020-10-18 19:41:55,-12.04,-77.03,20.56,60,90,3.6
551,Boditi,ET,2020-10-18 19:43:06,6.97,37.87,14.8,92,81,0.77
552,Kamiiso,JP,2020-10-18 19:43:06,41.82,140.65,10.23,82,1,2.43
553,Cattolica,IT,2020-10-18 19:43:06,43.96,12.74,13.33,93,0,1.5
554,Jiuquan,CN,2020-10-18 19:43:06,39.74,98.52,7.28,44,100,4.48
555,Bhopal,IN,2020-10-18 19:41:00,23.27,77.4,25.3,70,5,1.64
556,Bydgoszcz,PL,2020-10-18 19:43:06,53.12,18.01,7.22,93,36,3.6
557,San Carlos De Bariloche,AR,2020-10-18 19:43:07,-41.15,-71.31,10.0,53,40,12.3
558,Mingguang,CN,2020-10-18 19:43:07,32.78,117.96,13.7,58,81,1.56
559,Harvard,US,2020-10-18 19:43:07,42.42,-88.61,7.22,82,100,4.42
560,Guerrero Negro,MX,2020-10-18 19:43:07,27.98,-114.06,28.97,42,94,4.73
561,Perth,AU,2020-10-18 19:43:07,-31.93,115.83,19.0,72,0,2.6
562,Kurilsk,RU,2020-10-18 19:43:07,45.23,147.88,11.45,69,13,3.17
563,Guhagar,IN,2020-10-18 19:43:07,17.48,73.19,24.88,87,100,0.33
564,Alora,ES,2020-10-18 19:43:07,36.82,-4.71,17.78,63,26,2.1
565,Gorontalo,ID,2020-10-18 19:42:57,0.54,123.06,23.77,86,100,0.85
566,Lichinga,MZ,2020-10-18 19:43:08,-13.31,35.24,21.0,49,0,3.1
567,Ambulu,ID,2020-10-18 19:43:08,-8.35,113.61,23.89,88,64,1.92
568,Mayor Pablo Lagerenza,PY,2020-10-18 19:43:08,-19.93,-60.77,37.64,28,46,4.66
569,Nenjiang,CN,2020-10-18 19:43:08,49.18,125.22,0.33,88,8,3.0
570,Myaundzha,RU,2020-10-18 19:43:08,63.05,147.19,-13.3,88,99,1.52
571,Lompoc,US,2020-10-18 19:43:08,34.64,-120.46,23.0,60,1,5.7
572,Stokmarknes,NO,2020-10-18 19:43:08,68.56,14.91,3.0,64,20,6.2
573,Phalaborwa,ZA,2020-10-18 19:40:56,-23.94,31.14,29.0,48,11,2.6
574,Bowen,AU,2020-10-18 19:43:09,-20.02,148.23,14.0,93,0,0.61
575,Esso,RU,2020-10-18 19:43:09,55.93,158.7,-1.72,95,69,1.73
576,Kirakira,SB,2020-10-18 19:43:09,-10.45,161.92,27.07,81,97,3.31
577,Pemangkat,ID,2020-10-18 19:43:09,1.17,108.97,25.45,85,100,2.27
578,Rocha,UY,2020-10-18 19:43:09,-34.48,-54.33,26.61,72,3,4.4
579,Tagusao,PH,2020-10-18 19:43:09,9.19,117.81,27.39,78,100,3.02
580,Kokkola,FI,2020-10-18 19:43:09,63.84,23.13,3.33,100,75,1.5
581,Te Anau,NZ,2020-10-18 19:43:09,-45.42,167.72,6.96,92,100,1.02
582,Thinadhoo,MV,2020-10-18 19:43:10,0.53,72.93,28.64,76,100,7.35
583,Saint George,US,2020-10-18 19:43:10,37.1,-113.58,23.0,13,1,2.85
584,Byron Bay,AU,2020-10-18 19:43:10,-28.65,153.62,17.0,100,75,2.6
585,Biloela,AU,2020-10-18 19:43:10,-24.42,150.5,17.18,81,5,1.43
586,Los Llanos De Aridane,ES,2020-10-18 19:43:10,28.66,-17.92,24.0,73,20,8.2
587,Pokhara,NP,2020-10-18 19:43:10,28.23,83.98,19.8,64,18,1.33
588,Flin Flon,CA,2020-10-18 19:43:10,54.77,-101.86,-1.0,80,75,5.1
589,Vuktyl,RU,2020-10-18 19:43:10,63.86,57.31,-1.12,97,100,3.31
590,Severo-Kurilsk,RU,2020-10-18 19:43:11,50.68,156.12,7.59,82,5,6.03
591,Kumluca,TR,2020-10-18 19:43:11,36.37,30.29,23.98,55,57,2.35
592,Avera,US,2020-10-18 19:43:11,33.19,-82.53,23.0,60,90,4.1
